ASSET.ID,LONGITUDE,LATITUDE,group.id,DISTRICT,ST_NM,g2clip,g3clip,day,month,cyear,type,link,Type,data,,,,,,,,
201068131,76.8893809,28.4638333,S64989133,Gurgaon,Haryana,1255,307,213,8,1994,B,,,ebird,,,,,,,,
41691991,78.2737255,17.5033487,S32847487,Medak,Telangana,2883,738,209,7,2000,W,,transition,ebird,,,,,,,,
41692001,78.2737255,17.5033487,S32847487,Medak,Telangana,2883,738,209,7,2000,W,,,ebird,,,,,,,,
201994301,76.9689,28.4867,S65201035,Gurgaon,Haryana,1255,307,219,8,2012,B,,,ebird,,,,,,,,
167688971,92.8289,26.9196,S58076764,Sonitpur,Assam,1550,391,65,3,2013,NA,,,ebird,,,,,,,,
167689011,92.8289,26.9196,S58076764,Sonitpur,Assam,1550,391,65,3,2013,NA,,,ebird,,,,,,,,
,80.254315,26.504957,,Kanpur,Uttar Pradesh,,,173,6,2013,B,https://www.facebook.com/photo.php?fbid=10151539458083860&set=p.10151539458083860&type=1&theater,,,,,,,,,,
206081441,76.964,28.4699,S65200099,Gurgaon,Haryana,1255,307,207,7,2013,B,,transition,ebird,,,,,,,,
20174251,80.9334683,26.7520103,S18097253,Lucknow,Uttar Pradesh,1524,378,117,4,2014,NA,,,ebird,,,,,,,,
182723511,72.0231432,22.7923445,S60541626,Ahmadabad,Gujarat,,,285,10,2019,B,,transition,ebird,,,,,,,,
182723521,72.0231432,22.7923445,S60541626,Ahmadabad,Gujarat,,,285,10,2019,B,,transition,ebird,,,,,,,,
182723541,72.0231432,22.7923445,S60541626,Ahmadabad,Gujarat,,,285,10,2019,B,,transition,ebird,,,,,,,,
182723551,72.0231432,22.7923445,S60541626,Ahmadabad,Gujarat,,,285,10,2019,B,,transition,ebird,,,,,,,,
219803301,72.0231432,22.7923445,S60581348,Ahmadabad,Gujarat,,,286,10,2019,B,,transition,ebird,,,,,,,,
219803321,72.0231432,22.7923445,S60581348,Ahmadabad,Gujarat,,,286,10,2019,B,,transition,ebird,,,,,,,,
219803351,72.0231432,22.7923445,S60581348,Ahmadabad,Gujarat,,,286,10,2019,B,,,ebird,,,,,,,,
219803401,72.0231432,22.7923445,S60581348,Ahmadabad,Gujarat,,,286,10,2019,B,,,ebird,,,,,,,,
219803371,72.0231432,22.7923445,S60581348,Ahmadabad,Gujarat,,,286,10,2019,B,,transition,ebird,,,,,,,,
219803421,72.0231432,22.7923445,S60581348,Ahmadabad,Gujarat,,,286,10,2019,B,,,ebird,,,,,,,,
219803421,72.0231432,22.7923445,S60581348,Ahmadabad,Gujarat,,,286,10,2019,B,,transition,ebird,,,,,,,,
66780401,78.9414454,29.3153657,S38745877,Udham Singh Nagar,Uttarakhand,,,232,8,2017,B,,transition,ebird,,,,,,,,
146002741,79.9867356,12.5522335,S53973568,Kancheepuram,Tamil Nadu,3602,905,156,6,2014,W,,,ebird,,,,,,,,
20174241,80.9334683,26.7520103,S18724484,Lucknow,Uttar Pradesh,1524,378,159,6,2014,B,,,ebird,,,,,,,,
188849541,77.769921,13.07033,S60427973,Bangalore Rural,Karnataka,,,280,10,2019,W,,transition,ebird,,,,,,,,
188849601,77.769921,13.07033,S60427973,Bangalore Rural,Karnataka,,,280,10,2019,W,,,ebird,,,,,,,,
188849621,77.769921,13.07033,S60427973,Bangalore Rural,Karnataka,,,280,10,2019,W,,,ebird,,,,,,,,
188849651,77.769921,13.07033,S60427973,Bangalore Rural,Karnataka,,,280,10,2019,W,,transition,ebird,,,,,,,,
188849681,77.769921,13.07033,S60427973,Bangalore Rural,Karnataka,,,280,10,2019,W,,transition,ebird,,,,,,,,
188849701,77.769921,13.07033,S60427973,Bangalore Rural,Karnataka,,,280,10,2019,W,,transition,ebird,,,,,,,,
188849691,77.769921,13.07033,S60427973,Bangalore Rural,Karnataka,,,280,10,2019,W,,transition,ebird,,,,,,,,
201422041,76.8893809,28.4638333,S64821369,Gurgaon,Haryana,1255,307,188,7,2014,B,,,ebird,,,,,,,,
201422051,76.8893809,28.4638333,S64821369,Gurgaon,Haryana,1255,307,188,7,2014,B,,,ebird,,,,,,,,
201422061,76.8893809,28.4638333,S64821369,Gurgaon,Haryana,1255,307,188,7,2014,B,,,ebird,,,,,,,,
201422071,76.8893809,28.4638333,S64821369,Gurgaon,Haryana,1255,307,188,7,2014,B,,,ebird,,,,,,,,
201422081,76.8893809,28.4638333,S64821369,Gurgaon,Haryana,1255,307,188,7,2014,B,,,ebird,,,,,,,,
201422191,76.8893809,28.4638333,S64821369,Gurgaon,Haryana,1255,307,188,7,2014,B,,,ebird,,,,,,,,
201422201,76.8893809,28.4638333,S64821369,Gurgaon,Haryana,1255,307,188,7,2014,B,,,ebird,,,,,,,,
201422211,76.8893809,28.4638333,S64821369,Gurgaon,Haryana,1255,307,188,7,2014,B,,,ebird,,,,,,,,
201422221,76.8893809,28.4638333,S64821369,Gurgaon,Haryana,1255,307,188,7,2014,B,,,ebird,,,,,,,,
201422231,76.8893809,28.4638333,S64821369,Gurgaon,Haryana,1255,307,188,7,2014,B,,,ebird,,,,,,,,
201424021,76.8893809,28.4638333,S64821369,Gurgaon,Haryana,1255,307,188,7,2014,B,,,ebird,,,,,,,,
201424031,76.8893809,28.4638333,S64821369,Gurgaon,Haryana,1255,307,188,7,2014,B,,,ebird,,,,,,,,
201424041,76.8893809,28.4638333,S64821369,Gurgaon,Haryana,1255,307,188,7,2014,B,,,ebird,,,,,,,,
201424051,76.8893809,28.4638333,S64821369,Gurgaon,Haryana,1255,307,188,7,2014,B,,,ebird,,,,,,,,
201424061,76.8893809,28.4638333,S64821369,Gurgaon,Haryana,1255,307,188,7,2014,B,,,ebird,,,,,,,,
201424071,76.8893809,28.4638333,S64821369,Gurgaon,Haryana,1255,307,188,7,2014,B,,,ebird,,,,,,,,
201424081,76.8893809,28.4638333,S64821369,Gurgaon,Haryana,1255,307,188,7,2014,B,,,ebird,,,,,,,,
201424091,76.8893809,28.4638333,S64821369,Gurgaon,Haryana,1255,307,188,7,2014,B,,,ebird,,,,,,,,
201424101,76.8893809,28.4638333,S64821369,Gurgaon,Haryana,1255,307,188,7,2014,B,,,ebird,,,,,,,,
201424111,76.8893809,28.4638333,S64821369,Gurgaon,Haryana,1255,307,188,7,2014,B,,,ebird,,,,,,,,
201424121,76.8893809,28.4638333,S64821369,Gurgaon,Haryana,1255,307,188,7,2014,B,,,ebird,,,,,,,,
201426361,77.6004,27.3774,S64821370,Mathura,Uttar Pradesh,1451,374,188,7,2014,B,,,ebird,,,,,,,,
205039951,76.8893809,28.4638333,S64821369,Gurgaon,Haryana,1255,307,188,7,2014,B,,,ebird,,,,,,,,
205039961,76.8893809,28.4638333,S64821369,Gurgaon,Haryana,1255,307,188,7,2014,B,,,ebird,,,,,,,,
205039971,76.8893809,28.4638333,S64821369,Gurgaon,Haryana,1255,307,188,7,2014,B,,,ebird,,,,,,,,
205039981,76.8893809,28.4638333,S64821369,Gurgaon,Haryana,1255,307,188,7,2014,B,,,ebird,,,,,,,,
205039991,76.8893809,28.4638333,S64821369,Gurgaon,Haryana,1255,307,188,7,2014,B,,,ebird,,,,,,,,
205040001,76.8893809,28.4638333,S64821369,Gurgaon,Haryana,1255,307,188,7,2014,B,,,ebird,,,,,,,,
145425211,76.623,28.7653,S53588236,Jhajjar,Haryana,1254,307,197,7,2014,B,,,ebird,,,,,,,,
145425291,76.623,28.7653,S53588236,Jhajjar,Haryana,1254,307,197,7,2014,B,,,ebird,,,,,,,,
145425311,76.623,28.7653,S53588236,Jhajjar,Haryana,1254,307,197,7,2014,B,,,ebird,,,,,,,,
145425321,76.623,28.7653,S53588236,Jhajjar,Haryana,1254,307,197,7,2014,B,,,ebird,,,,,,,,
228612111,88.334,22.804,S67238588,Hugli,West Bengal,2125,551,252,9,2014,W,,,ebird,,,,,,,,
205936761,72.6235127,22.5492832,S65186175,Kheda,Gujarat,2090,533,260,9,2014,NA,,,ebird,,,,,,,,
205936771,72.6235127,22.5492832,S65186175,Kheda,Gujarat,2090,533,260,9,2014,B,,,ebird,,,,,,,,
161645081,78.341339,26.879818,S31165164,Agra,Uttar Pradesh,1518,375,87,3,2015,NA,,,ebird,,,,,,,,
147869971,88.4596725,22.6288289,S54330440,North 24 Parganas,West Bengal,2126,551,230,8,2015,NA,,,ebird,,,,,,,,
147869981,88.4596725,22.6288289,S54330440,North 24 Parganas,West Bengal,2126,551,230,8,2015,W,,,ebird,,,,,,,,
26592431,78.3290153,17.521068,S28749312,Medak,Telangana,2883,738,88,3,2016,NA,,,ebird,,,,,,,,
28024321,77.2282104,28.7382115,G1757421,North,NCT of Delhi,1256,308,92,4,2016,NA,,,ebird,,,,,,,,
28531051,77.2282104,28.7382115,G1757463,North,NCT of Delhi,1256,308,130,5,2016,B,,,ebird,,,,,,,,
28531081,77.2282104,28.7382115,G1757463,North,NCT of Delhi,1256,308,130,5,2016,NA,,,ebird,,,,,,,,
,78.026969,26.194403,,Gwalior,Madhya Pradesh,,,173,6,2016,B,https://www.facebook.com/photo.php?fbid=10153900702059472&set=p.10153900702059472&type=1&theater,,,,,,,,,,
29924501,78.2737255,17.5033487,G1802772,Medak,Telangana,2883,738,158,6,2016,W,,,ebird,,,,,,,,
30115631,75.9540224,14.426814,S30193617,Davanagere,Karnataka,3268,834,163,6,2016,W,,,ebird,,,,,,,,
30158741,75.9540224,14.426814,S30193617,Davanagere,Karnataka,3268,834,163,6,2016,NA,,,ebird,,,,,,,,
30728691,72.8118156,21.5842281,S30467160,Bharuch,Gujarat,2286,567,179,6,2016,B,,,ebird,,,,,,,,
30907241,77.2898269,28.5881532,G1838841,East,NCT of Delhi,1256,308,185,7,2016,NA,,,ebird,,,,,,,,
31456461,72.3783106,22.8530424,S30785697,Ahmadabad,Gujarat,2090,533,193,7,2016,B,,,ebird,,,,,,,,
31666131,74.9781382,15.4548384,S30827930,Dharwad,Karnataka,3136,800,205,7,2016,NA,,,ebird,,,,,,,,
38672931,78.3483553,17.3943812,G1987859,Rangareddy,Telangana,2883,738,208,7,2016,W,,,ebird,,,,,,,,
32130061,80.2162886,13.3834991,S31004521,Thiruvallur,Tamil Nadu,3472,872,219,8,2016,W,,,ebird,,,,,,,,
192726351,88.4605396,22.6134166,S61991317,North 24 Parganas,West Bengal,2126,551,219,8,2016,W,,,ebird,,,,,,,,
33013491,72.6235127,22.5492832,S31176070,Kheda,Gujarat,2090,533,230,8,2016,B,,,ebird,,,,,,,,
33094560,77.1099445,28.4835371,G1888435,Gurgaon,Haryana,1255,307,230,8,2016,B,,,ebird,,,,,,,,
33094570,77.1099445,28.4835371,G1888435,Gurgaon,Haryana,1255,307,230,8,2016,B,,,ebird,,,,,,,,
33012771,77.1099445,28.4835371,G1946307,Gurgaon,Haryana,1255,307,233,8,2016,B,,,ebird,,,,,,,,
33397731,77.769921,13.07033,G1892944,Bangalore Rural,Karnataka,3467,869,233,8,2016,W,,,ebird,,,,,,,,
136608731,77.769921,13.07033,G1892944,Bangalore Rural,Karnataka,3467,869,233,8,2016,W,,,ebird,,,,,,,,
33491031,88.4750361,22.6016851,S31288440,North 24 Parganas,West Bengal,2126,551,240,8,2016,W,,,ebird,,,,,,,,
37296841,77.7689271,13.0700792,G1902005,Bangalore Rural,Karnataka,3467,869,240,8,2016,W,,,ebird,,,,,,,,
34627881,80.2162886,13.3834991,G1917514,Thiruvallur,Tamil Nadu,3472,872,246,9,2016,NA,,,ebird,,,,,,,,
34627891,80.2162886,13.3834991,G1917514,Thiruvallur,Tamil Nadu,3472,872,246,9,2016,NA,,,ebird,,,,,,,,
34627901,80.2162886,13.3834991,G1917514,Thiruvallur,Tamil Nadu,3472,872,246,9,2016,NA,,,ebird,,,,,,,,
34627911,80.2162886,13.3834991,G1917514,Thiruvallur,Tamil Nadu,3472,872,246,9,2016,NA,,,ebird,,,,,,,,
34627921,80.2162886,13.3834991,G1917514,Thiruvallur,Tamil Nadu,3472,872,246,9,2016,NA,,,ebird,,,,,,,,
34627931,80.2162886,13.3834991,G1917514,Thiruvallur,Tamil Nadu,3472,872,246,9,2016,NA,,,ebird,,,,,,,,
34631201,80.2162886,13.3834991,G1917514,Thiruvallur,Tamil Nadu,3472,872,246,9,2016,NA,,,ebird,,,,,,,,
35930511,86.1369839,20.7100215,S31745689,Jajapur,Odisha,2380,614,266,9,2016,W,,transition,ebird,,,,,,,,
52712211,88.334,22.804,G2283497,Hugli,West Bengal,2125,551,78,3,2017,NA,,,ebird,,,,,,,,
180635011,88.334,22.804,S35271872,Hugli,West Bengal,2125,551,78,3,2017,W,,,ebird,,,,,,,,
180635031,88.334,22.804,S35271872,Hugli,West Bengal,2125,551,78,3,2017,W,,,ebird,,,,,,,,
53611281,78.0729353,17.6548137,G2384846,Medak,Telangana,2817,704,91,4,2017,NA,,,ebird,,,,,,,,
53756701,77.769921,13.07033,S35781352,Bangalore Rural,Karnataka,3467,869,98,4,2017,NA,,,ebird,,,,,,,,
53756711,77.769921,13.07033,S35781352,Bangalore Rural,Karnataka,3467,869,98,4,2017,NA,,,ebird,,,,,,,,
53769171,77.7689271,13.0700792,G2379349,Bangalore Rural,Karnataka,3467,869,98,4,2017,NA,,,ebird,,,,,,,,
53769181,77.7689271,13.0700792,G2379349,Bangalore Rural,Karnataka,3467,869,98,4,2017,NA,,,ebird,,,,,,,,
73969901,74.6741259,32.5666895,G2369031,Jammu,Jammu & Kashmir,665,173,118,4,2017,NA,,,ebird,,,,,,,,
61651381,92.0528884,26.2327648,S36413687,Marigaon,Assam,1614,423,119,4,2017,W,,,ebird,,,,,,,,
58795801,78.0729353,17.6548137,G2434145,Medak,Telangana,2817,704,141,5,2017,W,,,ebird,,,,,,,,
58835951,78.0729353,17.6548137,G2434145,Medak,Telangana,2817,704,141,5,2017,W,,,ebird,,,,,,,,
58835961,78.0729353,17.6548137,G2434145,Medak,Telangana,2817,704,141,5,2017,W,,,ebird,,,,,,,,
59247701,77.3063707,28.5668688,S37132346,Gautam Buddha Nagar,Uttar Pradesh,1256,308,145,5,2017,NA,,,ebird,,,,,,,,
61260191,76.840624,30.55119,S37615917,Sahibzada Ajit Singh Nagar,Punjab,995,241,167,6,2017,B,,,ebird,,,,,,,,
61268511,76.9140333,28.3201923,S37623033,Gurgaon,Haryana,1320,340,167,6,2017,B,,,ebird,,,,,,,,
61525701,76.3401532,26.0808724,S37696444,Sawai Madhopur,Rajasthan,1644,406,168,6,2017,B,,,ebird,,,,,,,,
61525741,76.3401532,26.0808724,S37696444,Sawai Madhopur,Rajasthan,1644,406,168,6,2017,NA,,,ebird,,,,,,,,
61434391,73.0726218,19.1921494,S37655385,Thane,Maharashtra,2611,666,169,6,2017,B,,transition,ebird,,,,,,,,
61717641,76.4378339,26.062108,S37721326,Sawai Madhopur,Rajasthan,1644,406,169,6,2017,NA,,,ebird,,,,,,,,
61717661,76.4378339,26.062108,S37721326,Sawai Madhopur,Rajasthan,1644,406,169,6,2017,NA,,,ebird,,,,,,,,
61717671,76.4378339,26.062108,S37721326,Sawai Madhopur,Rajasthan,1644,406,169,6,2017,NA,,,ebird,,,,,,,,
61717681,76.4378339,26.062108,S37721326,Sawai Madhopur,Rajasthan,1644,406,169,6,2017,B,,,ebird,,,,,,,,
61717691,76.4378339,26.062108,S37721326,Sawai Madhopur,Rajasthan,1644,406,169,6,2017,B,,,ebird,,,,,,,,
61717701,76.4378339,26.062108,S37721326,Sawai Madhopur,Rajasthan,1644,406,169,6,2017,B,,transition,ebird,,,,,,,,
61717971,76.4378339,26.062108,S37721326,Sawai Madhopur,Rajasthan,1644,406,169,6,2017,NA,,,ebird,,,,,,,,
61453341,73.0726218,19.1921494,S37682520,Thane,Maharashtra,2611,666,170,6,2017,B,,,ebird,,,,,,,,
61453371,73.0726218,19.1921494,S37682520,Thane,Maharashtra,2611,666,170,6,2017,B,,,ebird,,,,,,,,
61453451,73.0726218,19.1921494,S37682520,Thane,Maharashtra,2611,666,170,6,2017,B,,,ebird,,,,,,,,
61454481,73.0726218,19.1921494,S37682843,Thane,Maharashtra,2611,666,170,6,2017,B,,transition,ebird,,,,,,,,
61454561,73.0726218,19.1921494,S37682843,Thane,Maharashtra,2611,666,170,6,2017,B,,transition,ebird,,,,,,,,
103562281,73.0726218,19.1921494,S46366340,Thane,Maharashtra,2611,666,170,6,2017,B,,,ebird,,,,,,,,
61519251,73.0748733,19.1752367,G2696924,Thane,Maharashtra,2611,666,171,6,2017,B,,,ebird,,,,,,,,
61519271,73.0748733,19.1752367,G2696924,Thane,Maharashtra,2611,666,171,6,2017,B,,,ebird,,,,,,,,
30721041,73.0748733,19.1752367,S30428676,Thane,Maharashtra,,,179,6,2016,B,,transition,ebird,,,,,,,,
61519301,73.0748733,19.1752367,G2696924,Thane,Maharashtra,2611,666,171,6,2017,B,,,ebird,,,,,,,,
61711251,83.9225864,21.4435621,G2499760,Sambalpur,Odisha,2310,579,172,6,2017,W,,,ebird,,,,,,,,
136904801,72.797777,19.4595329,S52016499,Thane,Maharashtra,2546,633,175,6,2017,B,,,ebird,,,,,,,,
62721691,72.8468657,19.3858097,G2521476,Thane,Maharashtra,2546,633,187,7,2017,B,,,ebird,,,,,,,,
62721701,72.8468657,19.3858097,G2521476,Thane,Maharashtra,2546,633,187,7,2017,B,,,ebird,,,,,,,,
79766481,80.9322131,26.7341701,S41436034,Lucknow,Uttar Pradesh,,,295,10,2017,B,,,ebird,,,,,,,,
79767471,80.9322131,26.7341701,S41436034,Lucknow,Uttar Pradesh,,,295,10,2017,B,,transition,ebird,,,,,,,,
79767461,80.9322131,26.7341701,S41436034,Lucknow,Uttar Pradesh,,,295,10,2017,B,,transition,ebird,,,,,,,,
206753931,77.6191807,28.338759,S64029517,Gautam Buddha Nagar,Uttar Pradesh,1321,341,196,7,2017,B,,,ebird,,,,,,,,
64162551,70.701313,22.2373066,S38294671,Rajkot,Gujarat,2151,531,204,7,2017,B,,,ebird,,,,,,,,
64162631,70.701313,22.2373066,S38294671,Rajkot,Gujarat,2151,531,204,7,2017,B,,,ebird,,,,,,,,
64162671,70.701313,22.2373066,S38294671,Rajkot,Gujarat,2151,531,204,7,2017,B,,,ebird,,,,,,,,
64162921,70.701313,22.2373066,S38294671,Rajkot,Gujarat,2151,531,204,7,2017,B,,,ebird,,,,,,,,
64885481,88.4750361,22.6016851,S38386082,North 24 Parganas,West Bengal,2126,551,211,7,2017,W,,,ebird,,,,,,,,
171717341,88.334,22.804,S34554929,Hooghly,West Bengal,,,51,2,2017,W,,transition,ebird,,,,,,,,
67704141,88.4750361,22.6016851,G2620247,North 24 Parganas,West Bengal,2126,551,227,8,2017,W,,,ebird,,,,,,,,
205597121,76.8629,28.4593,S65118623,Gurgaon,Haryana,1255,307,228,8,2017,NA,,,ebird,,,,,,,,
67031391,88.4596725,22.6288289,S38826599,North 24 Parganas,West Bengal,2126,551,232,8,2017,W,,,ebird,,,,,,,,
67031451,88.4596725,22.6288289,S38826599,North 24 Parganas,West Bengal,2126,551,232,8,2017,NA,,,ebird,,,,,,,,
79653991,80.9322131,26.7341701,G2816258,Lucknow,Uttar Pradesh,1524,378,260,9,2017,NA,,,ebird,,,,,,,,
79654011,80.9322131,26.7341701,G2816258,Lucknow,Uttar Pradesh,1524,378,260,9,2017,NA,,,ebird,,,,,,,,
189011201,72.9047048,20.7139715,S61624364,Valsad,Gujarat,2351,600,273,9,2017,B,,,ebird,,,,,,,,
228201601,88.334,22.804,S67954757,Hugli,West Bengal,2125,551,63,3,2018,NA,,,ebird,,,,,,,,
89693811,78.0458536,17.6458787,S43552193,Medak,Telangana,2817,704,70,3,2018,NA,,,ebird,,,,,,,,
89693881,78.0458536,17.6458787,S43552193,Medak,Telangana,2817,704,70,3,2018,NA,,,ebird,,,,,,,,
89693971,78.0458536,17.6458787,S43552193,Medak,Telangana,2817,704,70,3,2018,NA,,,ebird,,,,,,,,
89694241,78.0458536,17.6458787,S43552193,Medak,Telangana,2817,704,70,3,2018,NA,,,ebird,,,,,,,,
89694301,78.0458536,17.6458787,S43552193,Medak,Telangana,2817,704,70,3,2018,NA,,,ebird,,,,,,,,
89694321,78.0458536,17.6458787,S43552193,Medak,Telangana,2817,704,70,3,2018,NA,,,ebird,,,,,,,,
91560831,88.181155,23.965415,S43998898,Murshidabad,West Bengal,1930,485,84,3,2018,NA,,,ebird,,,,,,,,
92542221,72.0231432,22.7923445,S44185056,Ahmadabad,Gujarat,2089,533,90,3,2018,NA,,,ebird,,,,,,,,
93196611,77.3245914,16.3973438,S44238202,Mahbubnagar,Telangana,3011,770,94,4,2018,W,,,ebird,,,,,,,,
96412081,72.8496444,20.8500491,S44927613,Navsari,Gujarat,2351,600,115,4,2018,B,,,ebird,,,,,,,,
98873041,78.0729353,17.6548137,G3163977,Medak,Telangana,2817,704,126,5,2018,W,,,ebird,,,,,,,,
98873061,78.0729353,17.6548137,G3163977,Medak,Telangana,2817,704,126,5,2018,W,,,ebird,,,,,,,,
99370221,77.2933692,28.5810374,S45478612,South,NCT of Delhi,1256,308,129,5,2018,NA,,,ebird,,,,,,,,
136918071,78.0729353,17.6548137,G3191856,Medak,Telangana,2817,704,133,5,2018,W,,,ebird,,,,,,,,
102491661,77.2256899,28.7593074,G3243195,North East,NCT of Delhi,1256,308,147,5,2018,B,,,ebird,,,,,,,,
104013941,75.3941488,31.3839037,G3274591,Kapurthala,Punjab,862,207,161,6,2018,B,,,ebird,,,,,,,,
104800661,78.0729353,17.6548137,G3287780,Medak,Telangana,2817,704,168,6,2018,W,,,ebird,,,,,,,,
104898561,78.0729353,17.6548137,G3287780,Medak,Telangana,2817,704,168,6,2018,W,,,ebird,,,,,,,,
104898741,78.0729353,17.6548137,G3287780,Medak,Telangana,2817,704,168,6,2018,W,,,ebird,,,,,,,,
110258391,78.0698105,17.6325329,S46602363,Medak,Telangana,2817,704,168,6,2018,W,,,ebird,,,,,,,,
110258561,78.0698105,17.6325329,S46602363,Medak,Telangana,2817,704,168,6,2018,W,,,ebird,,,,,,,,
110258891,78.0698105,17.6325329,S46602363,Medak,Telangana,2817,704,168,6,2018,NA,,,ebird,,,,,,,,
110260971,78.0698105,17.6325329,S46602363,Medak,Telangana,2817,704,168,6,2018,W,,,ebird,,,,,,,,
110971961,78.0729353,17.6548137,G3296437,Medak,Telangana,2817,704,170,6,2018,W,,,ebird,,,,,,,,
110971971,78.0729353,17.6548137,G3296437,Medak,Telangana,2817,704,170,6,2018,NA,,,ebird,,,,,,,,
105081811,75.7186639,29.1788618,S46692284,Hisar,Haryana,1187,306,171,6,2018,B,,,ebird,,,,,,,,
110549491,76.9385648,28.3337351,S47795456,Gurgaon,Haryana,1320,340,182,7,2018,B,,,ebird,,,,,,,,
201992751,76.8777,28.4937,S65199637,Gurgaon,Haryana,1255,307,187,7,2018,B,,,ebird,,,,,,,,
106975681,79.9839449,13.0375891,G3330176,Thiruvallur,Tamil Nadu,3537,905,189,7,2018,W,,,ebird,,,,,,,,
107157001,75.3941488,31.3839037,S47129256,Kapurthala,Punjab,862,207,192,7,2018,B,,,ebird,,,,,,,,
174451491,88.642582,24.32766,,,Bangladesh,,,196,7,2018,W,,,ebird,,,,,,,,
108153341,76.5853333,28.1845729,G4485006,Rewari,Haryana,1319,340,202,7,2018,B,,,ebird,,,,,,,,
109547411,75.3941488,31.3839037,S47621160,Kapurthala,Punjab,862,207,215,8,2018,B,,,ebird,,,,,,,,
109547421,75.3941488,31.3839037,S47621160,Kapurthala,Punjab,862,207,215,8,2018,B,,,ebird,,,,,,,,
109547441,75.3941488,31.3839037,S47621160,Kapurthala,Punjab,862,207,215,8,2018,B,,,ebird,,,,,,,,
109756731,72.8468657,19.3858097,S47660861,Thane,Maharashtra,2546,633,217,8,2018,B,,,ebird,,,,,,,,
110143651,77.769921,13.07033,G3382623,Bangalore Rural,Karnataka,3467,869,217,8,2018,NA,,,ebird,,,,,,,,
110449371,77.769921,13.07033,S47775508,Bangalore Rural,Karnataka,3467,869,223,8,2018,W,,,ebird,,,,,,,,
110449381,77.769921,13.07033,S47775508,Bangalore Rural,Karnataka,3467,869,223,8,2018,W,,,ebird,,,,,,,,
110449391,77.769921,13.07033,S47775508,Bangalore Rural,Karnataka,3467,869,223,8,2018,W,,,ebird,,,,,,,,
110449401,77.769921,13.07033,S47775508,Bangalore Rural,Karnataka,3467,869,223,8,2018,W,,,ebird,,,,,,,,
110449411,77.769921,13.07033,S47775508,Bangalore Rural,Karnataka,3467,869,223,8,2018,W,,,ebird,,,,,,,,
110449421,77.769921,13.07033,S47775508,Bangalore Rural,Karnataka,3467,869,223,8,2018,W,,,ebird,,,,,,,,
110455471,72.9492456,18.9079792,G3393285,Raigarh,Maharashtra,2611,666,223,8,2018,B,,,ebird,,,,,,,,
110455481,72.9492456,18.9079792,G3393285,Raigarh,Maharashtra,2611,666,223,8,2018,NA,,,ebird,,,,,,,,
110455491,72.9492456,18.9079792,G3393285,Raigarh,Maharashtra,2611,666,223,8,2018,B,,,ebird,,,,,,,,
110455501,72.9492456,18.9079792,G3393285,Raigarh,Maharashtra,2611,666,223,8,2018,B,,,ebird,,,,,,,,
110455511,72.9492456,18.9079792,G3393285,Raigarh,Maharashtra,2611,666,223,8,2018,B,,,ebird,,,,,,,,
110455521,72.9492456,18.9079792,G3393285,Raigarh,Maharashtra,2611,666,223,8,2018,B,,,ebird,,,,,,,,
110455531,72.9492456,18.9079792,G3393285,Raigarh,Maharashtra,2611,666,223,8,2018,NA,,,ebird,,,,,,,,
110455541,72.9492456,18.9079792,G3393285,Raigarh,Maharashtra,2611,666,223,8,2018,NA,,,ebird,,,,,,,,
110455551,72.9492456,18.9079792,G3393285,Raigarh,Maharashtra,2611,666,223,8,2018,NA,,,ebird,,,,,,,,
110455561,72.9492456,18.9079792,G3393285,Raigarh,Maharashtra,2611,666,223,8,2018,B,,,ebird,,,,,,,,
110473011,72.8468657,19.3858097,G3397512,Thane,Maharashtra,2546,633,223,8,2018,B,,,ebird,,,,,,,,
110576031,72.9492456,18.9079792,G3393285,Raigarh,Maharashtra,2611,666,223,8,2018,B,,,ebird,,,,,,,,
110576051,72.9492456,18.9079792,G3393285,Raigarh,Maharashtra,2611,666,223,8,2018,NA,,,ebird,,,,,,,,
110576101,72.9492456,18.9079792,G3393285,Raigarh,Maharashtra,2611,666,223,8,2018,B,,,ebird,,,,,,,,
110576111,72.9492456,18.9079792,G3393285,Raigarh,Maharashtra,2611,666,223,8,2018,B,,,ebird,,,,,,,,
132792401,72.8480458,19.3955505,S51246268,Thane,Maharashtra,2546,633,223,8,2018,B,,,ebird,,,,,,,,
110552731,77.769921,13.07033,G3395079,Bangalore Rural,Karnataka,3467,869,224,8,2018,W,,,ebird,,,,,,,,
110552751,77.769921,13.07033,G3395079,Bangalore Rural,Karnataka,3467,869,224,8,2018,W,,,ebird,,,,,,,,
110577161,77.769921,13.07033,G3394721,Bangalore Rural,Karnataka,3467,869,224,8,2018,W,,,ebird,,,,,,,,
110577171,77.769921,13.07033,G3394721,Bangalore Rural,Karnataka,3467,869,224,8,2018,W,,,ebird,,,,,,,,
110577201,77.769921,13.07033,G3394721,Bangalore Rural,Karnataka,3467,869,224,8,2018,W,,,ebird,,,,,,,,
110704631,77.769921,13.07033,G3395079,Bangalore Rural,Karnataka,3467,869,224,8,2018,W,,,ebird,,,,,,,,
110704641,77.769921,13.07033,G3395079,Bangalore Rural,Karnataka,3467,869,224,8,2018,W,,,ebird,,,,,,,,
245350061,73.278991,22.3074208,S70766925,Vadodara,Gujarat,,,176,6,2020,B,,transition,ebird,,,,,,,,
110926141,73.278991,22.3074208,S47853814,Vadodara,Gujarat,2157,534,224,8,2018,B,,,ebird,,,,,,,,
111088411,77.769921,13.07033,G3395079,Bangalore Rural,Karnataka,3467,869,224,8,2018,W,,,ebird,,,,,,,,
111088571,77.769921,13.07033,G3395079,Bangalore Rural,Karnataka,3467,869,224,8,2018,W,,,ebird,,,,,,,,
111088581,77.769921,13.07033,G3395079,Bangalore Rural,Karnataka,3467,869,224,8,2018,W,,,ebird,,,,,,,,
111088621,77.769921,13.07033,G3395079,Bangalore Rural,Karnataka,3467,869,224,8,2018,W,,,ebird,,,,,,,,
110849251,77.7744947,13.0679655,S47838047,Bangalore Rural,Karnataka,3467,869,226,8,2018,W,,,ebird,,,,,,,,
110849261,77.7744947,13.0679655,S47838047,Bangalore Rural,Karnataka,3467,869,226,8,2018,W,,,ebird,,,,,,,,
110849271,77.7744947,13.0679655,S47838047,Bangalore Rural,Karnataka,3467,869,226,8,2018,W,,,ebird,,,,,,,,
111067711,77.769921,13.07033,G3400376,Bangalore Rural,Karnataka,3467,869,227,8,2018,W,,,ebird,,,,,,,,
111068671,77.769921,13.07033,G3400376,Bangalore Rural,Karnataka,3467,869,227,8,2018,W,,,ebird,,,,,,,,
111068691,77.769921,13.07033,G3400376,Bangalore Rural,Karnataka,3467,869,227,8,2018,W,,,ebird,,,,,,,,
111068751,77.769921,13.07033,G3400376,Bangalore Rural,Karnataka,3467,869,227,8,2018,W,,,ebird,,,,,,,,
111069221,77.769921,13.07033,G3400376,Bangalore Rural,Karnataka,3467,869,227,8,2018,NA,,,ebird,,,,,,,,
111280181,72.8468657,19.3858097,S47914163,Thane,Maharashtra,2546,633,227,8,2018,B,,,ebird,,,,,,,,
111284241,72.8456318,19.3942652,S47913487,Thane,Maharashtra,2546,633,230,8,2018,B,,transition,ebird,,,,,,,,
111284301,72.8456318,19.3942652,S47913487,Thane,Maharashtra,2546,633,230,8,2018,NA,,,ebird,,,,,,,,
111829901,72.8576589,19.3914367,S47999768,Thane,Maharashtra,2546,633,234,8,2018,B,,transition,ebird,,,,,,,,
112184881,72.8480458,19.3955505,G3633938,Thane,Maharashtra,2546,633,237,8,2018,B,,,ebird,,,,,,,,
112184931,72.8480458,19.3955505,G3633938,Thane,Maharashtra,2546,633,237,8,2018,B,,,ebird,,,,,,,,
112185021,72.8480458,19.3955505,G3633938,Thane,Maharashtra,2546,633,237,8,2018,NA,,,ebird,,,,,,,,
170325381,80.75166,16.461678,S48754054,Krishna,Andhra Pradesh,3018,773,237,8,2018,W,,,ebird,,,,,,,,
170325431,80.75166,16.461678,S48754054,Krishna,Andhra Pradesh,3018,773,237,8,2018,NA,,,ebird,,,,,,,,
170325501,80.75166,16.461678,S48754054,Krishna,Andhra Pradesh,3018,773,237,8,2018,W,,,ebird,,,,,,,,
112884401,79.461118,28.3728807,S48174698,Bareilly,Uttar Pradesh,1261,310,241,8,2018,B,,,ebird,,,,,,,,
113371701,72.8576589,19.3914367,S48259044,Thane,Maharashtra,2546,633,245,9,2018,B,,,ebird,,,,,,,,
113371721,72.8576589,19.3914367,S48259044,Thane,Maharashtra,2546,633,245,9,2018,B,,,ebird,,,,,,,,
113901531,72.0231432,22.7923445,G3438464,Ahmadabad,Gujarat,2089,533,245,9,2018,B,,transition,ebird,,,,,,,,
113687771,78.569067,17.610006,S48304147,Rangareddy,Telangana,2819,705,248,9,2018,W,,,ebird,,,,,,,,
136918371,78.0729353,17.6548137,S49017408,Medak,Telangana,,,280,10,2018,W,,,ebird,,,,,,,,
113769191,72.8468657,19.3858097,S48320772,Thane,Maharashtra,2546,633,248,9,2018,NA,,,ebird,,,,,,,,
114586411,76.8828311,28.4654322,S48413730,Gurgaon,Haryana,1255,307,253,9,2018,B,,,ebird,,,,,,,,
121245471,72.8434824,19.3795108,S49556638,Thane,Maharashtra,2546,633,258,9,2018,B,,,ebird,,,,,,,,
121245621,72.8434824,19.3795108,S49556638,Thane,Maharashtra,2546,633,258,9,2018,B,,,ebird,,,,,,,,
121245641,72.8434824,19.3795108,S49556638,Thane,Maharashtra,2546,633,258,9,2018,B,,,ebird,,,,,,,,
115059241,73.0039192,18.9319862,S48539888,Raigarh,Maharashtra,2611,666,259,9,2018,NA,,,ebird,,,,,,,,
116414391,72.8468657,19.3858097,S48682398,Thane,Maharashtra,2546,633,264,9,2018,NA,,,ebird,,,,,,,,
116432241,69.7561026,21.5645442,S48770799,Porbandar,Gujarat,2279,563,266,9,2018,B,,transition,ebird,,,,,,,,
205702451,78.6841,26.7848,S65132680,Agra,Uttar Pradesh,1519,375,64,3,2019,NA,,,ebird,,,,,,,,
145137861,78.0729353,17.6548137,G3932027,Medak,Telangana,2817,704,69,3,2019,NA,,,ebird,,,,,,,,
145137881,78.0729353,17.6548137,G3932027,Medak,Telangana,2817,704,69,3,2019,NA,,,ebird,,,,,,,,
145137891,78.0729353,17.6548137,G3932027,Medak,Telangana,2817,704,69,3,2019,NA,,,ebird,,,,,,,,
190278481,74.6741259,32.5666895,G4103456,Jammu,Jammu & Kashmir,665,173,76,3,2019,NA,,,ebird,,,,,,,,
193643511,74.6741259,32.5666895,G4103456,Jammu,Jammu & Kashmir,665,173,76,3,2019,NA,,,ebird,,,,,,,,
154621801,72.792662,19.4936291,S55542872,Thane,Maharashtra,2546,633,82,3,2019,NA,,,ebird,,,,,,,,
147190951,78.3290153,17.521068,S54182853,Medak,Telangana,2883,738,83,3,2019,NA,,,ebird,,,,,,,,
148467111,78.3290153,17.521068,S54448912,Medak,Telangana,2883,738,90,3,2019,NA,,,ebird,,,,,,,,
,86.465117,25.354722,,Munger,Bihar,,,,3,2019,W,https://www.facebook.com/photo.php?fbid=3232466896817445&set=p.3232466896817445&type=1&theater,,,,,,,,,,
154351341,77.769921,13.07033,S55493680,Bangalore Rural,Karnataka,3467,869,118,4,2019,NA,,,ebird,,,,,,,,
154351441,77.769921,13.07033,S55493680,Bangalore Rural,Karnataka,3467,869,118,4,2019,NA,,,ebird,,,,,,,,
154351481,77.769921,13.07033,S55493680,Bangalore Rural,Karnataka,3467,869,118,4,2019,NA,,,ebird,,,,,,,,
,81.55588,20.658998,,Dhamtari,Chattisgarh,,,,5,2019,W,https://www.facebook.com/photo.php?fbid=2328942880485597&set=p.2328942880485597&type=1&theater,,,,,,,,,,
186550371,77.769921,13.07033,S61247528,Bangalore Rural,Karnataka,3467,869,121,5,2019,NA,,,ebird,,,,,,,,
157679921,90.253414,23.732623,,,Bangladesh,,,122,5,2019,W,,,ebird,,,,,,,,
157728061,77.2396803,28.6969873,S56125750,North,NCT of Delhi,1256,308,131,5,2019,B,,,ebird,,,,,,,,
157728071,77.2396803,28.6969873,S56125750,North,NCT of Delhi,1256,308,131,5,2019,NA,,,ebird,,,,,,,,
159558841,77.21012,28.8155867,S56494874,North West,NCT of Delhi,1191,308,138,5,2019,B,,,ebird,,,,,,,,
164587861,72.6656734,23.217778,S57098668,Gandhinagar,Gujarat,2025,500,156,6,2019,B,,,ebird,,,,,,,,
163371521,72.0231432,22.7923445,S57184211,Ahmadabad,Gujarat,2089,533,159,6,2019,B,,,ebird,,,,,,,,
166484371,76.3580888,16.198713,G4298310,Bijapur,Karnataka,3009,769,170,6,2019,W,,,ebird,,,,,,,,
165825561,77.769921,13.07033,G4306747,Bangalore Rural,Karnataka,3467,869,174,6,2019,W,,,ebird,,,,,,,,
166192471,70.701313,22.2373066,S57776130,Rajkot,Gujarat,2151,531,180,6,2019,B,,,ebird,,,,,,,,
166325711,75.8258343,14.3927832,S57775948,Davanagere,Karnataka,3332,834,180,6,2019,W,,,ebird,,,,,,,,
166775911,87.9566288,23.1749879,S57890726,Barddhaman,West Bengal,2059,517,182,7,2019,W,,,ebird,,,,,,,,
166731551,75.8960824,14.4566812,S57856967,Davanagere,Karnataka,3268,834,183,7,2019,W,,,ebird,,,,,,,,
166731561,75.8960824,14.4566812,S57856967,Davanagere,Karnataka,3268,834,183,7,2019,NA,,,ebird,,,,,,,,
166922921,72.6180089,22.529676,G4334514,Kheda,Gujarat,2090,533,185,7,2019,B,,,ebird,,,,,,,,
166922931,72.6180089,22.529676,G4334514,Kheda,Gujarat,2090,533,185,7,2019,B,,,ebird,,,,,,,,
167258421,77.769921,13.07033,G4341904,Bangalore Rural,Karnataka,3467,869,188,7,2019,W,,transition,ebird,,,,,,,,
167372051,77.769921,13.07033,S57988736,Bangalore Rural,Karnataka,3467,869,188,7,2019,W,,,ebird,,,,,,,,
167372061,77.769921,13.07033,S57988736,Bangalore Rural,Karnataka,3467,869,188,7,2019,W,,,ebird,,,,,,,,
168135381,77.769921,13.07033,S58162643,Bangalore Rural,Karnataka,3467,869,195,7,2019,W,,transition,ebird,,,,,,,,
168135391,77.769921,13.07033,S58162643,Bangalore Rural,Karnataka,3467,869,195,7,2019,W,,,ebird,,,,,,,,
168137561,77.769921,13.07033,G4358194,Bangalore Rural,Karnataka,3467,869,195,7,2019,W,,,ebird,,,,,,,,
168137571,77.769921,13.07033,G4358194,Bangalore Rural,Karnataka,3467,869,195,7,2019,W,,,ebird,,,,,,,,
168155311,77.769921,13.07033,S58167849,Bangalore Rural,Karnataka,3467,869,195,7,2019,NA,,,ebird,,,,,,,,
226221771,88.3209157,22.68284,S67540842,Hooghly,West Bengal,,,14,1,2019,W,,,ebird,,,,,,,,
171522831,79.4861672,13.6586332,G4414570,Chittoor,Andhra Pradesh,3406,871,219,8,2019,W,,,ebird,,,,,,,,
171522861,79.4861672,13.6586332,G4414570,Chittoor,Andhra Pradesh,3406,871,219,8,2019,W,,,ebird,,,,,,,,
172002851,76.9568476,28.3945106,S58912518,Gurgaon,Haryana,1255,307,223,8,2019,B,,,ebird,,,,,,,,
172003581,76.9568476,28.3945106,S58912518,Gurgaon,Haryana,1255,307,223,8,2019,B,,,ebird,,,,,,,,
172004101,76.9568476,28.3945106,S58912518,Gurgaon,Haryana,1255,307,223,8,2019,B,,,ebird,,,,,,,,
173579791,76.888257,28.5227075,G4457163,South West,NCT of Delhi,1255,307,223,8,2019,B,,,ebird,,,,,,,,
172159781,72.9492456,18.9079792,S58931166,Raigarh,Maharashtra,2611,666,224,8,2019,B,,,ebird,,,,,,,,
172595291,76.9568476,28.3945106,S59006265,Gurgaon,Haryana,1255,307,227,8,2019,B,,,ebird,,,,,,,,
173843681,88.2191427,24.1199953,G4455178,Murshidabad,West Bengal,1930,485,235,8,2019,NA,,,ebird,,,,,,,,
173843801,88.2191427,24.1199953,G4455178,Murshidabad,West Bengal,1930,485,235,8,2019,W,,,ebird,,,,,,,,
173844091,88.2191427,24.1199953,G4455178,Murshidabad,West Bengal,1930,485,235,8,2019,W,,,ebird,,,,,,,,
173845361,88.2191427,24.1199953,G4455178,Murshidabad,West Bengal,1930,485,235,8,2019,W,,,ebird,,,,,,,,
174018781,77.1099445,28.4835371,G4458075,Gurgaon,Haryana,1255,307,236,8,2019,B,,transition,ebird,,,,,,,,
174018891,77.1099445,28.4835371,G4458075,Gurgaon,Haryana,1255,307,236,8,2019,NA,,,ebird,,,,,,,,
174118521,87.9566288,23.1749879,G4460871,Barddhaman,West Bengal,2059,517,237,8,2019,W,,,ebird,,,,,,,,
174118561,87.9566288,23.1749879,G4460871,Barddhaman,West Bengal,2059,517,237,8,2019,W,,,ebird,,,,,,,,
174118581,87.9566288,23.1749879,G4460871,Barddhaman,West Bengal,2059,517,237,8,2019,W,,,ebird,,,,,,,,
180856911,88.2208854,22.8454591,S60417599,Hooghly,West Bengal,,,280,10,2019,W,,,ebird,,,,,,,,
180856901,88.2208854,22.8454591,S60417599,Hooghly,West Bengal,,,280,10,2019,W,,,ebird,,,,,,,,
176746531,84.169569,27.636419,,,Nepal,,,241,8,2019,W,,,ebird,,,,,,,,
176746531,84.169569,27.636419,,,Nepal,,,241,8,2019,NA,,,ebird,,,,,,,,
180632411,72.0545321,22.8266554,S60386252,Ahmadabad,Gujarat,,,277,10,2019,B,,,ebird,,,,,,,,
176605771,79.9999241,13.0452941,S59429118,Kancheepuram,Tamil Nadu,3537,905,244,9,2019,W,,,ebird,,,,,,,,4/10/2019
176605781,79.9999241,13.0452941,S59429118,Kancheepuram,Tamil Nadu,3537,905,244,9,2019,W,,,ebird,,,,,,,,
177566341,79.4266033,28.3933258,S59873389,Bareilly,Uttar Pradesh,1260,310,253,9,2019,B,,,ebird,,,,,,,,
179891831,72.0231432,22.7923445,G4524865,Ahmadabad,Gujarat,2089,533,263,9,2019,B,,transition,ebird,,,,,,,,
178154341,77.769921,13.07033,S59976070,Bangalore Rural,Karnataka,3467,869,264,9,2019,W,,,ebird,,,,,,,,
178154351,77.769921,13.07033,S59976070,Bangalore Rural,Karnataka,3467,869,264,9,2019,W,,transition,ebird,,,,,,,,
178304131,73.1893301,19.1380327,G4527724,Thane,Maharashtra,2612,666,265,9,2019,B,,,ebird,,,,,,,,
183961851,79.33176,20.190357,,,,,,281,10,2019,W,,,ebird,,,,,,,,
215815401,77.769921,13.07033,G5085956,Bangalore Rural,Karnataka,3467,869,74,3,2020,NA,,,ebird,,,,,,,,
226469641,80.4627117,22.4907067,S67574665,Mandla,Madhya Pradesh,2173,542,111,4,2020,NA,,,ebird,,,,,,,,
226469651,80.4627117,22.4907067,S67574665,Mandla,Madhya Pradesh,2173,542,111,4,2020,NA,,,ebird,,,,,,,,
236131931,80.4627117,22.4907067,S69188428,Mandla,Madhya Pradesh,,,138,5,2020,NA,,,ebird,,,,,,,,
236131591,80.4627117,22.4907067,S69246151,Mandla,Madhya Pradesh,,,139,5,2020,NA,,,ebird,,,,,,,,
240504891,70.701313,22.2373066,S69957516,Rajkot,Gujarat,,,154,6,2020,B,,transition,ebird,,,,,,,,
245071071,77.769921,13.07033,S70707227,Bangalore Rural,Karnataka,,,173,6,2020,W,,,ebird,,,,,,,,
245071061,77.769921,13.07033,S70707227,Bangalore Rural,Karnataka,,,173,6,2020,W,,,ebird,,,,,,,,
245071021,77.769921,13.07033,S70707227,Bangalore Rural,Karnataka,,,173,6,2020,W,,,ebird,,,,,,,,
242312891,73.278991,22.3074208,S70264939,Vadodara,Gujarat,,,162,6,2020,B,,,ebird,,,,,,,,
242312931,73.278991,22.3074208,S70264939,Vadodara,Gujarat,,,162,6,2020,B,,,ebird,,,,,,,,
242312951,73.278991,22.3074208,S70264939,Vadodara,Gujarat,,,162,6,2020,B,,,ebird,,,,,,,,
242975811,87.6968384,22.710606,S70335124,Pashchim Medinipur,West Bengal,,,164,6,2020,W,,,ebird,,,,,,,,
243234471,72.7971637,19.4602266,S70419359,Thane,Maharashtra,,,166,6,2020,B,,,ebird,,,,,,,,
243399631,88.2201371,22.8537086,S70412008,Hooghly,West Bengal,,,166,6,2020,NA,,,ebird,,,,,,,,
243512241,88.2201371,22.8537086,S70412211,Hooghly,West Bengal,,,166,6,2020,W,,,ebird,,,,,,,,
244503531,76.3304,30.9838,S70626301,Rupnagar,Punjab,,,172,6,2020,B,,,ebird,,,,,,,,
244501931,76.7297683,30.825782,S70625932,Sahibzada Ajit Singh Nagar,Punjab,,,172,6,2020,B,,,ebird,,,,,,,,
244729961,72.9147987,20.6602608,S70659058,Valsad,Gujarat,,,173,6,2020,B,,,ebird,,,,,,,,
245071161,77.769921,13.07033,S70707227,Bangalore Rural,Karnataka,,,174,6,2020,W,,,ebird,,,,,,,,
245923911,76.668887,30.7011722,S70735589,Sahibzada Ajit Singh Nagar,Punjab,,,175,6,2020,B,,,ebird,,,,,,,,
245544801,77.7703384,13.0708494,S70796723,Bangalore,Karnataka,,,177,6,2020,W,,,ebird,,,,,,,,
245544761,77.7703384,13.0708494,S70796723,Bangalore,Karnataka,,,177,6,2020,W,,,ebird,,,,,,,,
245544751,77.7703384,13.0708494,S70796723,Bangalore,Karnataka,,,177,6,2020,W,,,ebird,,,,,,,,
245923021,72.33811,22.9719717,S70844658,Ahmadabad,Gujarat,,,178,6,2020,B,,,ebird,,,,,,,,
246148241,77.769921,13.07033,S70865812,Bangalore Rural,Karnataka,,,178,6,2020,W,,,ebird,,,,,,,,
245762741,78.569067,17.610006,S70837691,Rangareddy,Telangana,,,178,6,2020,W,,,ebird,,,,,,,,
245762721,78.569067,17.610006,S70837691,Rangareddy,Telangana,,,178,6,2020,W,,,ebird,,,,,,,,
246177851,77.769921,13.07033,S70945054,Bangalore Rural,Karnataka,,,180,6,2020,W,,,ebird,,,,,,,,
246177931,77.769921,13.07033,S70945054,Bangalore Rural,Karnataka,,,180,6,2020,W,,,ebird,,,,,,,,
246177881,77.769921,13.07033,S70945054,Bangalore Rural,Karnataka,,,180,6,2020,W,,,ebird,,,,,,,,
246176671,77.769921,13.07033,S70945054,Bangalore Rural,Karnataka,,,180,6,2020,W,,,ebird,,,,,,,,
246177821,77.769921,13.07033,S70945054,Bangalore Rural,Karnataka,,,180,6,2020,W,,,ebird,,,,,,,,
246415511,87.6725455,22.7091075,S70949592,Pashchim Medinipur,West Bengal,,,181,6,2020,W,,,ebird,,,,,,,,
246648621,76.7297683,30.825782,S70983465,Sahibzada Ajit Singh Nagar,Punjab,,,181,6,2020,B,,,ebird,,,,,,,,
246802431,76.812889,30.74798,S70976413,Chandigarh,Chandigarh,,,182,6,2020,B,,,ebird,,,,,,,,
246825181,75.7032991,14.443281,S71015122,Davanagere,Karnataka,,,183,7,2020,W,,,ebird,,,,,,,,
246825321,75.7032991,14.443281,S71015122,Davanagere,Karnataka,,,183,7,2020,W,,,ebird,,,,,,,,
246825601,75.7032991,14.443281,S71015122,Davanagere,Karnataka,,,183,7,2020,W,,,ebird,,,,,,,,
255662201,75.759058,30.9258623,S71050513,Ludhiana,Punjab,,,184,7,2020,B,,,ebird,,,,,,,,
247195841,77.769921,13.07033,S71077567,Bangalore Rural,Karnataka,,,185,7,2020,W,,,ebird,,,,,,,,
247195851,77.769921,13.07033,S71077567,Bangalore Rural,Karnataka,,,185,7,2020,W,,,ebird,,,,,,,,
247195861,77.769921,13.07033,S71077567,Bangalore Rural,Karnataka,,,185,7,2020,W,,,ebird,,,,,,,,
247195921,77.769921,13.07033,S71077567,Bangalore Rural,Karnataka,,,185,7,2020,W,,,ebird,,,,,,,,
247224511,77.769921,13.07033,S71077567,Bangalore Rural,Karnataka,,,185,7,2020,W,,,ebird,,,,,,,,
247224521,77.769921,13.07033,S71077567,Bangalore Rural,Karnataka,,,185,7,2020,W,,,ebird,,,,,,,,
247816591,83.1860304,17.7701681,S71144240,Visakhapatnam,Andhra Pradesh,,,187,7,2020,W,,,ebird,,,,,,,,
247816621,83.1860304,17.7701681,S71144240,Visakhapatnam,Andhra Pradesh,,,187,7,2020,W,,,ebird,,,,,,,,
248156891,77.769921,13.07033,S71244388,Bangalore Rural,Karnataka,,,188,7,2020,W,,,ebird,,,,,,,,
248970511,72.734127,21.1261128,S71383964,Surat,Gujarat,,,193,7,2020,NA,,,ebird,,,,,,,,
249717261,75.3495578,31.4375144,S71533877,Kapurthala,Punjab,,,197,7,2020,B,,,ebird,,,,,,,,
250480291,73.1335091,22.3602186,S71632981,Vadodara,Gujarat,,,201,7,2020,B,,,ebird,,,,,,,,
252589691,72.8508453,19.3854518,S71971855,Thane,Maharashtra,,,213,7,2020,B,,,ebird,,,,,,,,
252584881,78.569067,17.610006,S71971589,Rangareddy,Telangana,,,213,7,2020,W,,,ebird,,,,,,,,
252584871,78.569067,17.610006,S71971589,Rangareddy,Telangana,,,213,7,2020,W,,,ebird,,,,,,,,
252760791,77.769921,13.07033,S71998786,Bangalore Rural,Karnataka,,,214,8,2020,W,,,ebird,,,,,,,,
252760811,77.769921,13.07033,S71998786,Bangalore Rural,Karnataka,,,214,8,2020,W,,,ebird,,,,,,,,
252770111,77.769921,13.07033,S71998786,Bangalore Rural,Karnataka,,,214,8,2020,W,,,ebird,,,,,,,,
252770121,77.769921,13.07033,S71998786,Bangalore Rural,Karnataka,,,214,8,2020,W,,,ebird,,,,,,,,
252770131,77.769921,13.07033,S71998786,Bangalore Rural,Karnataka,,,214,8,2020,W,,,ebird,,,,,,,,
252992011,77.769921,13.07033,S72031263,Bangalore Rural,Karnataka,,,215,8,2020,W,,,ebird,,,,,,,,
245558511,79.1094804,21.2259017,S19540199,Nagpur,Maharashtra,,,155,6,2013,W,,transition,ebird,,,,,,,,
253780161,88.22181,24.1177255,S72148530,Murshidabad,West Bengal,,,216,8,2020,W,,transition,ebird,,,,,,,,
254197241,77.769921,13.07033,S72168354,Bangalore Rural,Karnataka,,,219,8,2020,W,,,ebird,,,,,,,,
254197261,77.769921,13.07033,S72168354,Bangalore Rural,Karnataka,,,219,8,2020,W,,,ebird,,,,,,,,
254197281,77.769921,13.07033,S72168354,Bangalore Rural,Karnataka,,,219,8,2020,W,,,ebird,,,,,,,,
254197291,77.769921,13.07033,S72168354,Bangalore Rural,Karnataka,,,219,8,2020,W,,,ebird,,,,,,,,
254197321,77.769921,13.07033,S72168354,Bangalore Rural,Karnataka,,,219,8,2020,W,,,ebird,,,,,,,,
254197341,77.769921,13.07033,S72168354,Bangalore Rural,Karnataka,,,219,8,2020,W,,,ebird,,,,,,,,
255860911,76.842,30.549,S72306511,Sahibzada Ajit Singh Nagar,Punjab,,,222,8,2020,B,,transition,ebird,,,,,,,,
255379301,84.21845,27.5626662,S72385208,,Nepal,,,224,8,2020,B,,transition,ebird,,,,,,,,
255440221,77.769921,13.07033,S72390361,Bangalore Rural,Karnataka,,,227,8,2020,W,,,ebird,,,,,,,,
255440191,77.769921,13.07033,S72390361,Bangalore Rural,Karnataka,,,227,8,2020,W,,,ebird,,,,,,,,
255440161,77.769921,13.07033,S72390361,Bangalore Rural,Karnataka,,,227,8,2020,W,,,ebird,,,,,,,,
255621151,76.8352461,30.5541309,S72417494,Sahibzada Ajit Singh Nagar,Punjab,,,228,8,2020,B,,transition,ebird,,,,,,,,
255621171,76.8352461,30.5541309,S72417494,Sahibzada Ajit Singh Nagar,Punjab,,,228,8,2020,B,,transition,ebird,,,,,,,,
256268161,76.842,30.549,S72504826,Sahibzada Ajit Singh Nagar,Punjab,,,229,8,2020,B,,,ebird,,,,,,,,
,81.5596,28.3649,,Bardiya,Nepal,,,135,5,2019,B,http://orientalbirdimages.org/search.php?Bird_ID=2065&Bird_Image_ID=172978,,,,,,,,,,
,72.0572,22.8209,,Nalsarovar,Gujarat,,,280,10,2019,B,http://orientalbirdimages.org/search.php?Bird_ID=2065&Bird_Image_ID=181638,transition,,,,,,,,,
,72.0572,22.8209,,Nalsarovar,Gujarat,,,231,8,2019,B,http://orientalbirdimages.org/search.php?Bird_ID=2065&Bird_Image_ID=178240,,,,,,,,,,
,72.0572,22.8209,,Nalsarovar,Gujarat,,,271,9,2019,B,http://orientalbirdimages.org/search.php?Bird_ID=2065&Bird_Image_ID=178209,transition,,,,,,,,,
,72.0572,22.8209,,Nalsarovar,Gujarat,,,231,8,2019,B,http://orientalbirdimages.org/search.php?Bird_ID=2065&Bird_Image_ID=178145,,,,,,,,,,
,77.6021,28.3436,,Dhanauri,Haryana,,,225,8,2019,B,http://orientalbirdimages.org/search.php?Bird_ID=2065&Bird_Image_ID=177193,,,,,,,,,,
,72.0572,22.8209,,Nalsarovar,Gujarat,,,275,10,2019,B,http://orientalbirdimages.org/search.php?Bird_ID=2065&Bird_Image_ID=177179,,,,,,,,,,
,79.3607,20.2484,,Tadoba,Maharashtra,,,272,9,2019,W,http://orientalbirdimages.org/search.php?Bird_ID=2065&Bird_Image_ID=176943,,,,,,,,,,
,79.3607,20.2484,,Tadoba,Maharashtra,,,265,9,2019,B,http://orientalbirdimages.org/search.php?Bird_ID=2065&Bird_Image_ID=176799,transition,,,,,,,,,
,79.3607,20.2484,,Tadoba,Maharashtra,,,253,9,2019,W,http://orientalbirdimages.org/search.php?Bird_ID=2065&Bird_Image_ID=176639,,,,,,,,,,
,76.8634,28.4946,,Gurgaon,Haryana,,,204,7,2019,B,http://orientalbirdimages.org/search.php?Bird_ID=2065&Bird_Image_ID=175535,,,,,,,,,,
,75.858207,26.705933,,Rajasthan,Rajasthan,,,260,9,2019,B,http://orientalbirdimages.org/search.php?Bird_ID=2065&Bird_Image_ID=176682,,,,,,,,,,
,76.5098,26.1441,,Shampura,Rajasthan,,,214,8,2019,B,http://orientalbirdimages.org/search.php?Bird_ID=2065&Bird_Image_ID=175526,,,,,,,,,,
,72.8397,19.3919,,Vasai,Maharashtra,,,245,9,2019,B,http://orientalbirdimages.org/search.php?Bird_ID=2065&Bird_Image_ID=174542,,,,,,,,,,
,72.8397,19.3919,,Vasai,Maharashtra,,,246,9,2019,B,http://orientalbirdimages.org/search.php?Bird_ID=2065&Bird_Image_ID=160730,transition,,,,,,,,,
,77.6021,28.3436,,Dhanauri,Haryana,,,245,9,2018,B,http://orientalbirdimages.org/search.php?Bird_ID=2065&Bird_Image_ID=159783,,,,,,,,,,
,88.4798,22.5754,,North 24 Parganas,West Bengal,,,256,9,2018,W,http://orientalbirdimages.org/search.php?Bird_ID=2065&Bird_Image_ID=159709,transition,,,,,,,,,
,77.6021,28.3436,,Dhanauri,Haryana,,,170,6,2018,B,http://orientalbirdimages.org/search.php?Bird_ID=2065&Bird_Image_ID=158248,,,,,,,,,,
,72.5714,23.0225,,Ahmedabad,Gujarat,,,219,8,2017,B,http://orientalbirdimages.org/search.php?Bird_ID=2065&Bird_Image_ID=152393,,,,,,,,,,
,72.8311,21.1702,,Surat,Gujarat,,,224,8,2017,B,http://orientalbirdimages.org/search.php?Bird_ID=2065&Bird_Image_ID=151666,,,,,,,,,,
,72.5714,23.0225,,Ahmedabad,Gujarat,,,219,8,2017,B,http://orientalbirdimages.org/search.php?Bird_ID=2065&Bird_Image_ID=150555,,,,,,,,,,
,77.6021,28.3436,,Dhanauri,Haryana,,,197,7,2017,B,http://orientalbirdimages.org/search.php?Bird_ID=2065&Bird_Image_ID=143523,,,,,,,,,,
,76.5098,26.1441,,Shampura,Rajasthan,,,233,7,2017,B,http://orientalbirdimages.org/search.php?Bird_ID=2065&Bird_Image_ID=142130,transition,,,,,,,,,
,72.4066,23.1373,,Thol,Gujarat,,,230,8,2017,B,http://orientalbirdimages.org/search.php?Bird_ID=2065&Bird_Image_ID=141750,,,,,,,,,,
,77.22821,28.738212,,Wazirabad,Delhi,,,210,7,2017,B,http://orientalbirdimages.org/search.php?Bird_ID=2065&Bird_Image_ID=141706,,,,,,,,,,
,79.3607,20.2484,,Tadoba,Maharashtra,,,211,7,2017,W,http://orientalbirdimages.org/search.php?Bird_ID=2065&Bird_Image_ID=141415,,,,,,,,,,
,77.6021,28.3436,,Dhanauri,Haryana,,,197,7,2017,B,http://orientalbirdimages.org/search.php?Bird_ID=2065&Bird_Image_ID=141036,,,,,,,,,,
,77.6021,28.3436,,Dhanauri,Haryana,,,189,7,2017,B,http://orientalbirdimages.org/search.php?Bird_ID=2065&Bird_Image_ID=140337,,,,,,,,,,
,77.6021,28.3436,,Dhanauri,Haryana,,,168,6,2017,B,http://orientalbirdimages.org/search.php?Bird_ID=2065&Bird_Image_ID=139867,,,,,,,,,,
,72.4066,23.1373,,Thol,Gujarat,,,139,5,2016,B,http://orientalbirdimages.org/search.php?Bird_ID=2065&Bird_Image_ID=132352,transition,,,,,,,,,
,88.4798,22.5754,,North 24 Parganas,West Bengal,,,228,8,2015,W,http://orientalbirdimages.org/search.php?Bird_ID=2065&Bird_Image_ID=128983,,,,,,,,,,
,88.4798,22.5754,,North 24 Parganas,West Bengal,,,221,8,2015,W,http://orientalbirdimages.org/search.php?Bird_ID=2065&Bird_Image_ID=128765,,,,,,,,,,
,92.337,26.2529,,Morigaon,Assam,,,238,8,2016,W,http://orientalbirdimages.org/search.php?Bird_ID=2065&Bird_Image_ID=125969,transition,,,,,,,,,
,76.5098,26.1441,,Shampura,Rajasthan,,,240,7,2016,B,http://orientalbirdimages.org/search.php?Bird_ID=2065&Bird_Image_ID=125691,transition,,,,,,,,,
,92.374,26.1903,,Dharamtul,Assam,,,220,8,2016,W,http://orientalbirdimages.org/search.php?Bird_ID=2065&Bird_Image_ID=125517,,,,,,,,,,
,88.4798,22.5754,,North 24 Parganas,West Bengal,,,233,8,2016,W,http://orientalbirdimages.org/search.php?Bird_ID=2065&Bird_Image_ID=125296,,,,,,,,,,
,92.337,26.2529,,Morigaon,Assam,,,239,8,2016,W,http://orientalbirdimages.org/search.php?Bird_ID=2065&Bird_Image_ID=125232,,,,,,,,,,
,73.1812,22.3072,,Vadodara,Gujarat,,,225,8,2016,B,http://orientalbirdimages.org/search.php?Bird_ID=2065&Bird_Image_ID=124872,,,,,,,,,,
,92.374,26.1903,,Dharamtul,Assam,,,227,8,2016,W,http://orientalbirdimages.org/search.php?Bird_ID=2065&Bird_Image_ID=124842,transition,,,,,,,,,
,92.374,26.1903,,Dharamtul,Assam,,,226,8,2016,W,http://orientalbirdimages.org/search.php?Bird_ID=2065&Bird_Image_ID=124841,,,,,,,,,,
,28.609,76.9855,,Najafgarh,Delhi,,,220,8,2016,B,http://orientalbirdimages.org/search.php?Bird_ID=2065&Bird_Image_ID=124737,transition,,,,,,,,,
,88.4798,22.5754,,North 24 Parganas,West Bengal,,,249,9,2015,W,http://orientalbirdimages.org/search.php?Bird_ID=2065&Bird_Image_ID=124316,,,,,,,,,,
,72.0572,22.8209,,Nalsarovar,Gujarat,,,246,9,2015,B,http://orientalbirdimages.org/search.php?Bird_ID=2065&Bird_Image_ID=121681,,,,,,,,,,
,72.0572,22.8209,,Nalsarovar,Gujarat,,,248,9,2015,B,http://orientalbirdimages.org/search.php?Bird_ID=2065&Bird_Image_ID=121390,transition,,,,,,,,,
,72.5714,23.0225,,Ahmedabad,Gujarat,,,230,8,2015,B,http://orientalbirdimages.org/search.php?Bird_ID=2065&Bird_Image_ID=119181,,,,,,,,,,
,88.4798,22.5754,,North 24 Parganas,West Bengal,,,269,9,2015,W,http://orientalbirdimages.org/search.php?Bird_ID=2065&Bird_Image_ID=118917,,,,,,,,,,
,72.3621,23.9309,,Siddhpur,Gujarat,,,179,5,2015,B,http://orientalbirdimages.org/search.php?Bird_ID=2065&Bird_Image_ID=118755,,,,,,,,,,
,72.4066,23.1373,,Thol,Gujarat,,,153,5,2015,B,http://orientalbirdimages.org/search.php?Bird_ID=2065&Bird_Image_ID=114478,,,,,,,,,,
,22.7507,22.7507,,Kheda,Gujarat,,,270,9,2015,B,http://orientalbirdimages.org/search.php?Bird_ID=2065&Bird_Image_ID=110295,,,,,,,,,,
,74.4977,15.8497,,Belgaum,Karnataka,,,262,9,2015,W,http://orientalbirdimages.org/search.php?Bird_ID=2065&Bird_Image_ID=108997,,,,,,,,,,
,88.4798,22.5754,,North 24 Parganas,West Bengal,,,221,8,2015,W,http://orientalbirdimages.org/search.php?Bird_ID=2065&Bird_Image_ID=108136,,,,,,,,,,
,77.2463,27.0652,,Barkhera,Uttar Pradesh,,,234,8,2015,B,http://orientalbirdimages.org/search.php?Bird_ID=2065&Bird_Image_ID=108111,,,,,,,,,,
,77.6021,28.3436,,Dhanauri,Haryana,,,216,8,2015,B,http://orientalbirdimages.org/search.php?Bird_ID=2065&Bird_Image_ID=107726,,,,,,,,,,
,76.0856,29.0588,,Haryana,Haryana,,,191,7,2016,B,http://orientalbirdimages.org/search.php?Bird_ID=2065&Bird_Image_ID=107690,,,,,,,,,,
,88.4798,22.5754,,North 24 Parganas,West Bengal,,,220,8,2015,W,http://orientalbirdimages.org/search.php?Bird_ID=2065&Bird_Image_ID=107682,,,,,,,,,,
,77.2463,27.0652,,Barkhera,Uttar Pradesh,,,227,8,2015,B,http://orientalbirdimages.org/search.php?Bird_ID=2065&Bird_Image_ID=107510,,,,,,,,,,
,88.4798,22.5754,,North 24 Parganas,West Bengal,,,221,8,2015,W,http://orientalbirdimages.org/search.php?Bird_ID=2065&Bird_Image_ID=107411,,,,,,,,,,
,88.4798,22.5754,,North 24 Parganas,West Bengal,,,220,8,2015,W,http://orientalbirdimages.org/search.php?Bird_ID=2065&Bird_Image_ID=107203,,,,,,,,,,
,88.4798,22.5754,,North 24 Parganas,West Bengal,,,206,7,2015,W,http://orientalbirdimages.org/search.php?Bird_ID=2065&Bird_Image_ID=106831,,,,,,,,,,
,77.1709,28.3736,,Mangar,Haryana,,,206,7,2015,B,http://orientalbirdimages.org/search.php?Bird_ID=2065&Bird_Image_ID=106830,,,,,,,,,,
,79.4304,28.367,,Bareilly,Uttar Pradesh,,,154,6,2015,B,http://orientalbirdimages.org/search.php?Bird_ID=2065&Bird_Image_ID=105311,transition,,,,,,,,,
,22.7507,22.7507,,Kheda,Gujarat,,,292,10,2011,B,http://orientalbirdimages.org/search.php?Bird_ID=2065&Bird_Image_ID=104478,,,,,,,,,,
,70.8022,22.3039,,Rajkot,Gujarat,,,240,8,2014,B,http://orientalbirdimages.org/search.php?Bird_ID=2065&Bird_Image_ID=94958,,,,,,,,,,
,72.3621,23.9309,,Siddhpur,Gujarat,,,190,7,2014,B,http://orientalbirdimages.org/search.php?Bird_ID=2065&Bird_Image_ID=94347,,,,,,,,,,
,88.4798,22.5754,,North 24 Parganas,West Bengal,,,229,7,2014,W,http://orientalbirdimages.org/search.php?Bird_ID=2065&Bird_Image_ID=94053,,,,,,,,,,
,77.5548,28.5526,,Dadri,Uttar Pradesh,,,194,7,2014,B,http://orientalbirdimages.org/search.php?Bird_ID=2065&Bird_Image_ID=93617,transition,,,,,,,,,
,76.6326,28.7695,,Dighal,Haryana,,,187,7,2014,B,http://orientalbirdimages.org/search.php?Bird_ID=2065&Bird_Image_ID=93463,,,,,,,,,,
,72.3621,23.9309,,Siddhpur,Gujarat,,,185,7,2014,B,http://orientalbirdimages.org/search.php?Bird_ID=2065&Bird_Image_ID=93154,,,,,,,,,,
,88.4798,22.5754,,North 24 Parganas,West Bengal,,,224,8,2013,W,http://orientalbirdimages.org/search.php?Bird_ID=2065&Bird_Image_ID=79896,,,,,,,,,,
,77.5548,28.5526,,Dadri,Uttar Pradesh,,,216,8,2013,B,http://orientalbirdimages.org/search.php?Bird_ID=2065&Bird_Image_ID=79442,,,,,,,,,,
,88.4798,22.5754,,North 24 Parganas,West Bengal,,,222,8,2013,W,http://orientalbirdimages.org/search.php?Bird_ID=2065&Bird_Image_ID=79738,,,,,,,,,,
,88.5348,22.7413,,Jagulia,West Bengal,,,202,7,2013,W,http://orientalbirdimages.org/search.php?Bird_ID=2065&Bird_Image_ID=79138,,,,,,,,,,
,77.5548,28.5526,,Dadri,Uttar Pradesh,,,194,7,2013,B,http://orientalbirdimages.org/search.php?Bird_ID=2065&Bird_Image_ID=78874,,,,,,,,,,
,75.858207,26.705933,,Rajasthan,Rajasthan,,,168,6,2013,B,http://orientalbirdimages.org/search.php?Bird_ID=2065&Bird_Image_ID=78168,,,,,,,,,,
,88.4798,22.5754,,North 24 Parganas,West Bengal,,,253,9,2012,W,http://orientalbirdimages.org/search.php?Bird_ID=2065&Bird_Image_ID=64602,,,,,,,,,,
,88.4798,22.5754,,North 24 Parganas,West Bengal,,,232,8,2012,W,http://orientalbirdimages.org/search.php?Bird_ID=2065&Bird_Image_ID=63729,,,,,,,,,,
,88.4798,22.5754,,North 24 Parganas,West Bengal,,,228,8,2012,W,http://orientalbirdimages.org/search.php?Bird_ID=2065&Bird_Image_ID=63518,,,,,,,,,,
,76.9844,28.4603,,Basai,Haryana,,,91,3,2012,B,http://orientalbirdimages.org/search.php?Bird_ID=2065&Bird_Image_ID=63466,,,,,,,,,,
,76.5098,26.1441,,Shampura,Rajasthan,,,203,7,2012,B,http://orientalbirdimages.org/search.php?Bird_ID=2065&Bird_Image_ID=63349,transition,,,,,,,,,
,76.5098,26.1441,,Shampura,Rajasthan,,,233,8,2011,B,http://orientalbirdimages.org/search.php?Bird_ID=2065&Bird_Image_ID=52952,transition,,,,,,,,,
,77.326,28.1473,,Palwal,Haryana,,,212,7,2011,B,http://orientalbirdimages.org/search.php?Bird_ID=2065&Bird_Image_ID=52703,,,,,,,,,,
,76.5098,26.1441,,Shampura,Rajasthan,,,205,7,2011,B,http://orientalbirdimages.org/search.php?Bird_ID=2065&Bird_Image_ID=52560,,,,,,,,,,
,76.5098,26.1441,,Shampura,Rajasthan,,,204,7,2011,B,http://orientalbirdimages.org/search.php?Bird_ID=2065&Bird_Image_ID=52505,,,,,,,,,,
,88.3025,22.4533,,Kolkata,West Bengal,,,145,5,2008,W,http://orientalbirdimages.org/search.php?Bird_ID=2065&Bird_Image_ID=46651,,,,,,,,,,
,77.5548,28.5526,,Dadri,Uttar Pradesh,,,192,7,2010,B,http://orientalbirdimages.org/search.php?Bird_ID=2065&Bird_Image_ID=43762,,,,,,,,,,
,77.326,28.1473,,Palwal,Haryana,,,191,7,2010,B,http://orientalbirdimages.org/search.php?Bird_ID=2065&Bird_Image_ID=43760,,,,,,,,,,
,77.5548,28.5526,,Dadri,Uttar Pradesh,,,171,6,2010,B,http://orientalbirdimages.org/search.php?Bird_ID=2065&Bird_Image_ID=43394,,,,,,,,,,
,70.0577,22.4707,,Jamnagar,Gujarat,,,139,5,2008,B,http://orientalbirdimages.org/search.php?Bird_ID=2065&Bird_Image_ID=33586,,,,,,,,,,
,88.3025,22.4533,,Kolkata,West Bengal,,,166,6,2008,W,http://orientalbirdimages.org/search.php?Bird_ID=2065&Bird_Image_ID=31174,,,,,,,,,,
,88.3025,22.4533,,Kolkata,West Bengal,,,,5,2008,B,http://orientalbirdimages.org/search.php?Bird_ID=2065&Bird_Image_ID=30990,transition,,,,,,,,,
,88.3025,22.4533,,Kolkata,West Bengal,,,,5,2008,W,http://orientalbirdimages.org/search.php?Bird_ID=2065&Bird_Image_ID=30990,,,,,,,,,,
,88.3025,22.4533,,Kolkata,West Bengal,,,,5,2008,W,http://orientalbirdimages.org/search.php?Bird_ID=2065&Bird_Image_ID=30988,,,,,,,,,,
,88.2636,22.5958,,Howrah,West Bengal,,,179,6,2007,W,http://orientalbirdimages.org/search.php?Bird_ID=2065&Bird_Image_ID=26082,,,,,,,,,,
,73.7654,32.9085,,Jhelum,Pakistan,,,210,7,2004,B,http://orientalbirdimages.org/search.php?Bird_ID=2065&Bird_Image_ID=8431,,,,,,,,,,
,73.874758,31.225983,,Lahore,Pakistan,,,136,5,2018,B,https://www.inaturalist.org/observations/36407042,,,,,,,,,,
,87.912358,23.203144,,,West Bengal,,,261,9,2016,W,https://www.inaturalist.org/observations/4130646,transition,,,,,,,,,
,85.069793,19.410923,,,Odisha,,,231,8,2019,W,https://www.inaturalist.org/observations/35897284,,,,,,,,,,
,78.268,17.496,,,Andhra Pradesh,,,196,7,2012,W,https://www.inaturalist.org/observations/113874,transition,,,,,,,,,
,77.76886,13.070178,,,Karnataka,,,224,8,2018,W,https://www.inaturalist.org/observations/15389440,,,,,,,,,,
,77.701661,13.168637,,,Karnataka,,,224,8,2018,W,https://www.inaturalist.org/observations/15497376,,,,,,,,,,
